<appDefinition>
   <id>appcenter</id>
   <version>1</version>
   <name>App Center</name>
   <dateCreated class="java.sql.Timestamp">2023-11-10 05:20:06.0 SGT</dateCreated>
   <dateModified class="java.sql.Timestamp">2024-04-17 10:36:18.0 SGT</dateModified>
   <packageDefinitionList/>
   <formDefinitionList/>
   <userviewDefinitionList>
      <userviewDefinition>
         <id>home</id>
         <appId>appcenter</appId>
         <appVersion>1</appVersion>
         <name>App Center</name>
         <description></description>
         <json>{&quot;className&quot;:&quot;org.joget.apps.userview.model.Userview&quot;,&quot;categories&quot;:[{&quot;className&quot;:&quot;org.joget.apps.userview.model.UserviewCategory&quot;,&quot;menus&quot;:[{&quot;className&quot;:&quot;org.joget.apps.userview.lib.DataListMenu&quot;,&quot;properties&quot;:{&quot;cacheAllLinks&quot;:&quot;&quot;,&quot;customHeader&quot;:&quot;&quot;,&quot;style-custom&quot;:&quot;min-height:50vh;&quot;,&quot;permission_rules&quot;:{&quot;58F9FBEA76264BE037991759BC1645A2&quot;:{}},&quot;keyName&quot;:&quot;&quot;,&quot;customFooter&quot;:&quot;&quot;,&quot;enableOffline&quot;:&quot;&quot;,&quot;label&quot;:&quot;&lt;i class=\&quot;zmdi zmdi-apps\&quot;&gt;&lt;\/i&gt; Home&quot;,&quot;customId&quot;:&quot;home&quot;,&quot;buttonPosition&quot;:&quot;bottomLeft&quot;,&quot;datalistId&quot;:&quot;applist&quot;,&quot;checkboxPosition&quot;:&quot;left&quot;,&quot;selectionType&quot;:&quot;multiple&quot;,&quot;userviewCacheDuration&quot;:&quot;20&quot;,&quot;cacheListAction&quot;:&quot;&quot;,&quot;userviewCacheScope&quot;:&quot;&quot;,&quot;id&quot;:&quot;8C70B71371B942B6D48A7E9B4C1DB8D1&quot;,&quot;rowCount&quot;:&quot;&quot;}}],&quot;properties&quot;:{&quot;hide&quot;:&quot;&quot;,&quot;permission_rules&quot;:{&quot;58F9FBEA76264BE037991759BC1645A2&quot;:{&quot;hide&quot;:&quot;&quot;,&quot;permissionDeny&quot;:&quot;&quot;}},&quot;comment&quot;:&quot;&quot;,&quot;permission&quot;:{&quot;className&quot;:&quot;&quot;,&quot;properties&quot;:{}},&quot;id&quot;:&quot;category-CB52FE21C5EE44FC35A4BDB7A4DCDF53&quot;,&quot;label&quot;:&quot;Home&quot;}}],&quot;properties&quot;:{&quot;logoutText&quot;:&quot;Logout&quot;,&quot;welcomeMessage&quot;:&quot;Empowering Open Innovation&quot;,&quot;name&quot;:&quot;App Center&quot;,&quot;description&quot;:&quot;&quot;,&quot;footerMessage&quot;:&quot;#i18n.Powered by Joget#&quot;,&quot;id&quot;:&quot;home&quot;},&quot;setting&quot;:{&quot;properties&quot;:{&quot;__&quot;:&quot;&quot;,&quot;tempDisablePermissionChecking&quot;:&quot;&quot;,&quot;userviewDescription&quot;:&quot;&quot;,&quot;userviewId&quot;:&quot;home&quot;,&quot;hideThisUserviewInAppCenter&quot;:&quot;true&quot;,&quot;permission_rules&quot;:[{&quot;permission_key&quot;:&quot;58F9FBEA76264BE037991759BC1645A2&quot;,&quot;permission&quot;:{&quot;className&quot;:&quot;org.joget.plugin.enterprise.AdminUserviewPermission&quot;,&quot;properties&quot;:{}},&quot;permission_name&quot;:&quot;Is Admin&quot;}],&quot;userview_thumbnail&quot;:&quot;&quot;,&quot;userview_category&quot;:&quot;&quot;,&quot;permission&quot;:{&quot;className&quot;:&quot;&quot;,&quot;properties&quot;:{}},&quot;theme&quot;:{&quot;className&quot;:&quot;org.joget.apps.userview.lib.AjaxUniversalTheme&quot;,&quot;properties&quot;:{&quot;dx8navBadge&quot;:&quot;&quot;,&quot;css&quot;:&quot;&lt;\/style&gt;\n&lt;link rel=\&quot;stylesheet\&quot; type=\&quot;text/css\&quot; href=\&quot;#request.baseURL?html#/css/appCenter8.css?build=#platform.build?html#\&quot; /&gt;\n&lt;style&gt;\n#dataList_applist &gt; form &gt; div &gt; div.cards.row &gt; div &gt; div &gt; h5 &gt; div{\n    box-shadow: rgba(17, 17, 26, 0.1) 0px 1px 0px;\n    border-radius: 20%;\n}\n#home #dataList_applist .card-icon:hover .card-actions a{\n    display:block !important;\n}&quot;,&quot;breadcrumb-style-display&quot;:&quot;none&quot;,&quot;footer-style-display&quot;:&quot;none&quot;,&quot;loginBackground&quot;:&quot;&quot;,&quot;disablePush&quot;:&quot;&quot;,&quot;dx8navLinkColor&quot;:&quot;#7E8299&quot;,&quot;removeAssignmentTitle&quot;:&quot;&quot;,&quot;shortcutLinkLabel&quot;:&quot;Shortcut&quot;,&quot;disableHelpGuide&quot;:&quot;&quot;,&quot;logo&quot;:&quot;#request.contextPath#/images/appCenterLogo.png&quot;,&quot;enableResponsiveSwitch&quot;:&quot;true&quot;,&quot;dx8headerFontColor&quot;:&quot;&quot;,&quot;fav_icon&quot;:&quot;&quot;,&quot;dx8navLinkIcon&quot;:&quot;#7E8299&quot;,&quot;horizontal_menu&quot;:&quot;&quot;,&quot;profile&quot;:&quot;&quot;,&quot;homeAttractBanner&quot;:&quot;&quot;,&quot;dx8headingBgColor&quot;:&quot;&quot;,&quot;dx8linkColor&quot;:&quot;#01A9F4&quot;,&quot;homeUrl&quot;:&quot;&quot;,&quot;dx8linkActiveColor&quot;:&quot;#007BFF&quot;,&quot;disablePwa&quot;:&quot;&quot;,&quot;dx8footerColor&quot;:&quot;&quot;,&quot;subheader&quot;:&quot;&quot;,&quot;dx8contentbackground&quot;:&quot;&quot;,&quot;loginPageBottom&quot;:&quot;&lt;\/div&gt;\n&lt;\/div&gt;\n&lt;div class=\&quot;d-flex flex-lg-row-fluid w-lg-50 bgi-size-cover bgi-position-center order-1 order-lg-2\&quot; style=\&quot;background-image: url(#request.contextPath#/images/appCenterLoginPageBackground.png);background-size: cover;\&quot;&gt;\n\t\t\t\t\t&lt;!--begin::Content--&gt;\n\t\t\t\t\t&lt;div class=\&quot;d-flex flex-column flex-center py-7 py-lg-15 px-5 px-md-15 w-100\&quot;&gt;\n\t\t\t\t\t\t&lt;!--begin::Logo--&gt;\n\t\t\t\t\t\t&lt;img alt=\&quot;Logo\&quot; src=\&quot;#request.contextPath#/images/appCenterLoginPageLogo.png\&quot; class=\&quot;h-60px h-lg-75px d-lg-block mx-auto w-275px w-md-50 w-xl-500px mb-10 mb-lg-20\&quot;&gt;\n\t\t\t\t\t\t&lt;!--end::Logo--&gt;\n\t\t\t\t\t\t&lt;!--begin::Image--&gt;\n\t\t\t\t\t\t&lt;img class=\&quot;d-none d-lg-block mx-auto w-275px w-md-50 w-xl-500px mb-10 mb-lg-20\&quot; src=\&quot;#request.contextPath#/images/appCenterLoginPageContent.png\&quot; alt=\&quot;\&quot;&gt;\n\t\t\t\t\t\t&lt;!--end::Image--&gt;\n\t\t\t\t\t\t&lt;!--begin::Title--&gt;\n\t\t\t\t\t\t&lt;h1 class=\&quot;d-none d-lg-block text-white fs-2qx fw-bolder text-center mb-7\&quot;&gt;Empowering Open Innovation&lt;\/h1&gt;\n\t\t\t\t\t\t&lt;!--end::Title--&gt;\n\t\t\t\t\t\t&lt;!--begin::Text--&gt;\n\t\t\t\t\t\t&lt;div class=\&quot;d-none d-lg-block text-white fs-base text-center\&quot;&gt;&lt;strong&gt;Joget DX&lt;\/strong&gt; combines the best of &lt;strong&gt;process automation, workflow management&lt;\/strong&gt; and &lt;strong&gt;low code application development&lt;\/strong&gt; in a simple, flexible and open platform. Joget DX is a modern open source low-code application development platform to build enterprise web apps and automate workflows on the Cloud and Mobile&lt;\/div&gt;\n\t\t\t\t\t\t&lt;!--end::Text--&gt;\n\t\t\t\t\t&lt;\/div&gt;\n\t\t\t\t\t&lt;!--end::Content--&gt;\n\t\t\t\t&lt;\/div&gt;\n&lt;\/div&gt;\n&lt;style&gt;\n#content &gt; main &gt; div &gt; div.d-flex.flex-lg-row-fluid.w-lg-50.bgi-size-cover.bgi-position-center.order-1.order-lg-2 &gt; div &gt; img:nth-child(2){\n  width: 550px;\n    height: 350px;\n    margin: 40px 0px;\n    margin-bottom: 5.5rem !important;\n-webkit-filter: drop-shadow(5px 5px 5px #222);\n    filter: drop-shadow(5px 5px 5px #222);\n}\nbody#login #loginForm{\n position: relative;\n}\nbody#login #page #content main{\npadding-left: 0%;\n    padding-right: 0%;\nheight: 100%;\n}\n.w-lg-50 {\n    width: 50%!important;\n}\n.d-flex {\n    height: 100%;\n}\n#content &gt; main &gt; div &gt; div.d-flex.flex-lg-row-fluid.w-lg-50.bgi-size-cover.bgi-position-center.order-1.order-lg-2 &gt; div &gt; img.h-60px.h-lg-75px{\n  width: 200px;\n height: 55px;\nmargin-top: 4rem!important;\n}\n#content &gt; main &gt; div &gt; div.d-flex.flex-lg-row-fluid.w-lg-50.bgi-size-cover.bgi-position-center.order-1.order-lg-2 &gt; div &gt; img:nth-child(3){\nwidth: 540px!important;\nmargin-bottom: 5.5rem!important;\n}\n#content &gt; main &gt; div &gt; div.d-flex.flex-lg-row-fluid.w-lg-50.bgi-size-cover.bgi-position-center.order-1.order-lg-2 &gt; div{\n    padding-top: 3rem;\n    padding-bottom: 3rem;\n}\n#content &gt; main &gt; div &gt; div.d-flex.flex-lg-row-fluid.w-lg-50.bgi-size-cover.bgi-position-center.order-1.order-lg-2 &gt; div &gt; h2{\n padding-left: 20px;\nmargin-bottom: 40px;\n}\n#loginForm &gt; table{\nwidth: 50%;\n}\nbody#login #loginForm table td input[type=&apos;submit&apos;]{\nwidth: 100%;\n}\n#content &gt; main &gt; div &gt; div.d-flex.flex-lg-row-fluid.w-lg-50.bgi-size-cover.bgi-position-center.order-1.order-lg-2 &gt; div &gt; h1{\nmargin-bottom: 20px;\n}\nlabel{\n    font-weight: 500;\n}\n#content &gt; main &gt; div &gt; div.d-flex.flex-column.flex-lg-row-fluid.w-lg-50.p-10.order-2.order-lg-1 &gt; div &gt; div{\n    position: relative;\n    top: 23%;\n}\nbody#login #loginForm table td input[type=&apos;submit&apos;] {\n    background-color: #32ae93 !important;\n    font-size: 16px !important;\n    font-weight: 500 !important;\n}\n#login #page{\nmax-width: 100%;\n}\n\n@media (max-width: 992px) {\n.w-lg-50 {\n    width: 100% !important;\n}\n#content &gt; main &gt; div &gt; div.d-flex.flex-lg-row-fluid.w-lg-50.bgi-size-cover.bgi-position-center.order-1.order-lg-2{\nheight: 20% !important;\n}\n#content &gt; main &gt; div &gt; div.d-flex.flex-lg-row-fluid.w-lg-50.bgi-size-cover.bgi-position-center.order-1.order-lg-2 &gt; div &gt; img.h-60px.h-lg-75px{\nmargin-top: 0rem !important;\n}\n}\n&lt;\/style&gt;\n&lt;script&gt;\n$( document ).ready(function() {\n   $(&apos;#loginForm &gt; table &gt; tbody &gt; tr:nth-child(3) &gt; td:nth-child(2) &gt; input&apos;).val(&apos;Sign In&apos;);\n});\n&lt;\/script&gt;&quot;,&quot;dx8backgroundImage&quot;:&quot;&quot;,&quot;dx8navBadgeText&quot;:&quot;&quot;,&quot;dx8colorSchema&quot;:&quot;#f1f1f1;#FFFFFF;#8D9BCA;#1EA0CB;#253037;#19242b&quot;,&quot;dx8background&quot;:&quot;#F5F8FA&quot;,&quot;dx8navScrollbarTrack&quot;:&quot;&quot;,&quot;dx8headerColor&quot;:&quot;&quot;,&quot;dx8colorScheme&quot;:&quot;rgb(249, 250, 251);rgb(59, 67, 72);rgb(3, 169, 244);rgb(110, 206, 251);rgb(255, 255, 255);rgb(255, 255, 255)&quot;,&quot;dx8navBackground&quot;:&quot;#FFFFFF&quot;,&quot;js&quot;:&quot;&lt;\/script&gt;\n&lt;script type=\&quot;text/javascript\&quot; src=\&quot;#request.baseURL?html#/js/appCenter8.js?build=#platform.build?html#\&quot;&gt;&lt;\/script&gt;\n&lt;script&gt;&quot;,&quot;welcome-message-style-font-weight&quot;:&quot;500&quot;,&quot;dx8navActiveIconColor&quot;:&quot;&quot;,&quot;dx8navScrollbarThumb&quot;:&quot;&quot;,&quot;loginPageTop&quot;:&quot;&lt;div class=\&quot;d-flex flex-column flex-lg-row flex-column-fluid\&quot;&gt;\n&lt;div class=\&quot;d-flex flex-column flex-lg-row-fluid w-lg-50 p-10 order-2 order-lg-1\&quot;&gt;\n&lt;div class=\&quot;d-flex flex-center flex-column flex-lg-row-fluid\&quot;&gt;&quot;,&quot;urlsToCache&quot;:&quot;&quot;,&quot;userMenu&quot;:[],&quot;dx8buttonColor&quot;:&quot;&quot;,&quot;shortcut&quot;:[],&quot;userImage&quot;:&quot;&quot;,&quot;fontControl&quot;:&quot;&quot;,&quot;dx8navActiveLinkBackground&quot;:&quot;&quot;,&quot;dx8fontColor&quot;:&quot;&quot;,&quot;dx8navLinkBackground&quot;:&quot;&quot;,&quot;welcome-message-style-font-size&quot;:&quot;20px&quot;,&quot;dx8buttonBackground&quot;:&quot;&quot;,&quot;dx8contentFontColor&quot;:&quot;&quot;,&quot;subfooter&quot;:&quot;&quot;,&quot;dx8footerBackground&quot;:&quot;&quot;,&quot;brand-name-style-display&quot;:&quot;none&quot;,&quot;dx8headingFontColor&quot;:&quot;&quot;,&quot;dx8primaryColor&quot;:&quot;&quot;,&quot;darkMode&quot;:&quot;&quot;,&quot;dx8navActiveLinkColor&quot;:&quot;#000000&quot;,&quot;inbox&quot;:&quot;all&quot;}},&quot;userviewName&quot;:&quot;App Center&quot;}}}</json>
         <dateCreated class="java.sql.Timestamp">2023-11-10 05:20:07.0 SGT</dateCreated>
         <dateModified class="java.sql.Timestamp">2024-04-17 10:21:42.0 SGT</dateModified>
      </userviewDefinition>
   </userviewDefinitionList>
   <datalistDefinitionList>
      <datalistDefinition>
         <id>applist</id>
         <appId>appcenter</appId>
         <appVersion>1</appVersion>
         <name>App List</name>
         <description></description>
         <json>{&quot;actions&quot;:[],&quot;binder&quot;:{&quot;className&quot;:&quot;org.joget.apps.datalist.lib.JsonApiDatalistBinder&quot;,&quot;properties&quot;:{&quot;jsonUrl&quot;:&quot;#request.baseURL#\/web\/json\/apps\/published\/userviews?appCenter=true&quot;,&quot;requestType&quot;:&quot;&quot;,&quot;headers&quot;:[],&quot;copyCookies&quot;:&quot;true&quot;,&quot;multirowBaseObject&quot;:&quot;apps.userviews&quot;,&quot;totalRowCountObject&quot;:&quot;&quot;,&quot;primaryKey&quot;:&quot;id&quot;,&quot;handlePaging&quot;:&quot;true&quot;,&quot;handleFilters&quot;:&quot;true&quot;,&quot;debugMode&quot;:&quot;&quot;,&quot;sampleResponse&quot;:&quot;&quot;,&quot;joinObjectKeysAndValues&quot;:&quot;&quot;}},&quot;card-style-background-color&quot;:&quot;#F5F8FA&quot;,&quot;card-style-border-radius&quot;:&quot;10px&quot;,&quot;card-style-border-width&quot;:&quot;0px&quot;,&quot;card-style-hover-background-color&quot;:&quot;#F5F8FA&quot;,&quot;card-style-hover-border-color&quot;:&quot;#FFFFFF&quot;,&quot;card-style-hover-custom&quot;:&quot;transition: all 0.2s ease-out;\r\nbox-shadow: 0px 4px 8px rgba(38, 38, 38, 0.2);\r\ntop: -5px;\r\nborder: 1px solid #cccccc;\r\nbackground-color: white;&quot;,&quot;card-style-max-height&quot;:&quot;200px&quot;,&quot;card-style-min-height&quot;:&quot;200px&quot;,&quot;card-style-padding-bottom&quot;:&quot;0px&quot;,&quot;card-style-padding-left&quot;:&quot;0px&quot;,&quot;card-style-padding-right&quot;:&quot;0px&quot;,&quot;card-style-padding-top&quot;:&quot;2.25rem&quot;,&quot;card-style-text-align&quot;:&quot;center&quot;,&quot;column_title&quot;:[{&quot;id&quot;:&quot;column_2&quot;,&quot;name&quot;:&quot;name&quot;,&quot;label&quot;:&quot;name&quot;,&quot;filterable&quot;:true,&quot;hidden&quot;:&quot;false&quot;,&quot;sortable&quot;:&quot;false&quot;}],&quot;columns&quot;:[],&quot;considerFilterWhenGetTotal&quot;:&quot;&quot;,&quot;description&quot;:&quot;&quot;,&quot;disableResponsive&quot;:&quot;&quot;,&quot;filters&quot;:[{&quot;id&quot;:&quot;filter_0&quot;,&quot;name&quot;:&quot;apps.name&quot;,&quot;label&quot;:&quot;App Name&quot;,&quot;filterParamName&quot;:&quot;d-1331669-fn_apps.name&quot;,&quot;type&quot;:{&quot;className&quot;:&quot;org.joget.apps.datalist.lib.TextFieldDataListFilterType&quot;,&quot;properties&quot;:{&quot;defaultValue&quot;:&quot;&quot;,&quot;filterSelection&quot;:&quot;String&quot;,&quot;searchFields&quot;:&quot;&quot;}},&quot;datalist_type&quot;:&quot;filter&quot;,&quot;hidden&quot;:&quot;&quot;}],&quot;hidePageSize&quot;:&quot;true&quot;,&quot;id&quot;:&quot;applist&quot;,&quot;name&quot;:&quot;App List&quot;,&quot;order&quot;:&quot;2&quot;,&quot;orderBy&quot;:&quot;name&quot;,&quot;pageSize&quot;:&quot;100&quot;,&quot;pageSizeSelectorOptions&quot;:&quot;10&quot;,&quot;permission_rules&quot;:[{&quot;permission&quot;:{&quot;className&quot;:&quot;org.joget.plugin.enterprise.AdminUserviewPermission&quot;,&quot;properties&quot;:{}},&quot;permission_key&quot;:&quot;9D3F667778064DF2976BDBE2C629EA8D&quot;,&quot;permission_name&quot;:&quot;Is Admin&quot;}],&quot;responsiveMode&quot;:&quot;&quot;,&quot;rowAction_card&quot;:[{&quot;className&quot;:&quot;org.joget.apps.datalist.lib.HyperlinkDataListAction&quot;,&quot;id&quot;:&quot;rowAction_2&quot;,&quot;properties&quot;:{&quot;confirmation&quot;:&quot;&quot;,&quot;datalist_type&quot;:&quot;row_action&quot;,&quot;header_label&quot;:&quot;&quot;,&quot;href&quot;:&quot;#request.baseURL#\/web\/userview&quot;,&quot;hrefColumn&quot;:&quot;apps.id;id&quot;,&quot;hrefParam&quot;:&quot;;&quot;,&quot;label&quot;:&quot;Hyperlink&quot;,&quot;link-css-display-type&quot;:&quot;btn btn-sm btn-primary&quot;,&quot;rules&quot;:[],&quot;target&quot;:&quot;_blank&quot;,&quot;style-custom&quot;:&quot;box-shadow: none;&quot;,&quot;permission_rules&quot;:{&quot;9D3F667778064DF2976BDBE2C629EA8D&quot;:{}}}}],&quot;rowActions&quot;:[{&quot;className&quot;:&quot;org.joget.apps.datalist.lib.HyperlinkDataListAction&quot;,&quot;hidden&quot;:&quot;true&quot;,&quot;id&quot;:&quot;rowAction_0&quot;,&quot;label&quot;:&quot;Hyperlink&quot;,&quot;permission_rules&quot;:{&quot;9D3F667778064DF2976BDBE2C629EA8D&quot;:{&quot;hidden&quot;:&quot;&quot;}},&quot;properties&quot;:{&quot;confirmation&quot;:&quot;&quot;,&quot;datalist_type&quot;:&quot;row_action&quot;,&quot;header_label&quot;:&quot;&quot;,&quot;href&quot;:&quot;#request.baseURL#\/web\/console\/app&quot;,&quot;hrefColumn&quot;:&quot;apps.id;apps.version;builders&quot;,&quot;hrefParam&quot;:&quot;;;&quot;,&quot;label&quot;:&quot;&lt;i class=\&quot;fas fa-pen\&quot;&gt;&lt;\/i&gt; &quot;,&quot;link-css-display-type&quot;:&quot;btn btn-sm btn-primary&quot;,&quot;permission_rules&quot;:{&quot;9D3F667778064DF2976BDBE2C629EA8D&quot;:{}},&quot;rules&quot;:[],&quot;style-border-radius&quot;:&quot;50%&quot;,&quot;style-custom&quot;:&quot;transition: 0.2s display ease-in-out;&quot;,&quot;style-display&quot;:&quot;none&quot;,&quot;style-height&quot;:&quot;30px&quot;,&quot;style-position&quot;:&quot;absolute&quot;,&quot;style-right&quot;:&quot;10px&quot;,&quot;style-top&quot;:&quot;10px&quot;,&quot;style-width&quot;:&quot;30px&quot;,&quot;target&quot;:&quot;_blank&quot;,&quot;hidden&quot;:&quot;true&quot;}}],&quot;searchPopup&quot;:&quot;&quot;,&quot;showDataWhenFilterSet&quot;:&quot;&quot;,&quot;template&quot;:{&quot;className&quot;:&quot;org.joget.apps.datalist.lib.AppIconTemplate&quot;,&quot;properties&quot;:{&quot;columns_mobile&quot;:&quot;col-12&quot;,&quot;columns_tablet&quot;:&quot;col-md-6&quot;,&quot;columns_desktop&quot;:&quot;col-lg-2&quot;,&quot;splitListByColumn&quot;:&quot;&quot;,&quot;enableSuperApp&quot;:&quot;&quot;}},&quot;useSession&quot;:&quot;&quot;,&quot;column_image&quot;:[{&quot;action&quot;:{&quot;className&quot;:&quot;&quot;,&quot;properties&quot;:{}},&quot;alignment&quot;:&quot;&quot;,&quot;datalist_type&quot;:&quot;column&quot;,&quot;exclude_export&quot;:&quot;&quot;,&quot;filterable&quot;:true,&quot;format&quot;:{&quot;className&quot;:&quot;org.joget.apps.datalist.lib.ImageFormatter&quot;,&quot;properties&quot;:{&quot;defaultImage&quot;:&quot;#request.baseURL#\/web\/userview\/screenshot\/appcenter\/v&quot;,&quot;height&quot;:&quot;90px&quot;,&quot;imageSrc&quot;:&quot;&quot;,&quot;imagefullsize&quot;:&quot;&quot;,&quot;width&quot;:&quot;90px&quot;}},&quot;headerAlignment&quot;:&quot;&quot;,&quot;hidden&quot;:&quot;false&quot;,&quot;id&quot;:&quot;column_0&quot;,&quot;label&quot;:&quot;imageUrl&quot;,&quot;name&quot;:&quot;imageUrl&quot;,&quot;permission_rules&quot;:{&quot;9D3F667778064DF2976BDBE2C629EA8D&quot;:{&quot;exclude_export&quot;:&quot;true&quot;,&quot;hidden&quot;:&quot;false&quot;,&quot;include_export&quot;:&quot;&quot;}},&quot;renderHtml&quot;:&quot;&quot;,&quot;sortable&quot;:&quot;false&quot;,&quot;style&quot;:&quot;&quot;,&quot;style-border-radius&quot;:&quot;10px&quot;,&quot;width&quot;:&quot;&quot;}]}</json>
         <dateCreated class="java.sql.Timestamp">2023-11-10 05:20:06.0 SGT</dateCreated>
         <dateModified class="java.sql.Timestamp">2024-04-17 10:36:18.0 SGT</dateModified>
      </datalistDefinition>
   </datalistDefinitionList>
   <!--builderDefinitionList>
      <builderDefinition>
         <id>INTERNAL_TAGGING</id>
         <appId>appcenter</appId>
         <appVersion>1</appVersion>
         <name>Tagging</name>
         <type>internal</type>
         <json>{
    &quot;datas&quot;: {
        &quot;form&quot;: {},
        &quot;list&quot;: {},
        &quot;userview&quot;: {
            &quot;v&quot;: [&quot;t07&quot;],
            &quot;v3&quot;: [&quot;t08&quot;]
        }
    },
    &quot;labels&quot;: {
        &quot;t01&quot;: {&quot;color&quot;: &quot;red&quot;},
        &quot;t02&quot;: {&quot;color&quot;: &quot;pink&quot;},
        &quot;t03&quot;: {&quot;color&quot;: &quot;orange&quot;},
        &quot;t04&quot;: {&quot;color&quot;: &quot;yellow&quot;},
        &quot;t05&quot;: {&quot;color&quot;: &quot;green&quot;},
        &quot;t06&quot;: {&quot;color&quot;: &quot;lime&quot;},
        &quot;t07&quot;: {
            &quot;color&quot;: &quot;blue&quot;,
            &quot;label&quot;: &quot;Default&quot;
        },
        &quot;t08&quot;: {
            &quot;color&quot;: &quot;sky&quot;,
            &quot;label&quot;: &quot;Glass&quot;
        },
        &quot;t09&quot;: {&quot;color&quot;: &quot;purple&quot;},
        &quot;t10&quot;: {&quot;color&quot;: &quot;black&quot;}
    }
}</json>
         <dateCreated class="java.sql.Timestamp">2023-11-10 05:20:07.0 SGT</dateCreated>
         <dateModified class="java.sql.Timestamp">2023-11-10 05:20:07.0 SGT</dateModified>
      </builderDefinition>
      <builderDefinition>
         <id>up-8C70B71371B942B6D48A7E9B4C1DB8D1</id>
         <appId>appcenter</appId>
         <appVersion>1</appVersion>
         <name>Home</name>
         <type>INTERNAL_USERVIEW_PAGE</type>
         <json>{&quot;elements&quot;:[{&quot;elements&quot;:[{&quot;elements&quot;:[{&quot;elements&quot;:[{&quot;elements&quot;:[],&quot;className&quot;:&quot;org.joget.apps.userview.lib.component.ContainerComponent&quot;,&quot;properties&quot;:{&quot;attr-data-events-listening&quot;:[],&quot;style-mobile-margin-top&quot;:&quot;15px&quot;,&quot;style-margin-top&quot;:&quot;30px&quot;,&quot;style-text-align&quot;:&quot;center&quot;,&quot;style-margin-bottom&quot;:&quot;20px&quot;,&quot;permission_rules&quot;:{&quot;F6E97C06864E4F62843B259A8C9AB1AD&quot;:{&quot;hidden&quot;:&quot;true&quot;},&quot;58F9FBEA76264BE037991759BC1645A2&quot;:{}},&quot;style-color&quot;:&quot;#FFFFFF&quot;,&quot;style-mobile-margin-bottom&quot;:&quot;15px&quot;,&quot;style-font-size&quot;:&quot;13px&quot;,&quot;attr-data-events-triggering&quot;:[],&quot;id&quot;:&quot;8358CCF066424B1AF09EBF61A96EAFC5&quot;,&quot;customId&quot;:&quot;assignment_msg&quot;}},{&quot;className&quot;:&quot;org.joget.apps.userview.lib.component.HeadingComponent&quot;,&quot;properties&quot;:{&quot;attr-data-events-listening&quot;:[],&quot;style-position&quot;:&quot;absolute&quot;,&quot;permission_rules&quot;:{&quot;F6E97C06864E4F62843B259A8C9AB1AD&quot;:{},&quot;58F9FBEA76264BE037991759BC1645A2&quot;:{}},&quot;style-color&quot;:&quot;#FFFFFF&quot;,&quot;style-line-height&quot;:&quot;40px&quot;,&quot;style-font-size&quot;:&quot;20px&quot;,&quot;textContent&quot;:&quot; &quot;,&quot;attr-data-events-triggering&quot;:[],&quot;tagName&quot;:&quot;h3&quot;,&quot;customId&quot;:&quot;clock&quot;,&quot;style-top&quot;:&quot;35px&quot;,&quot;style-margin-top&quot;:&quot;0px&quot;,&quot;style-right&quot;:&quot;15px&quot;,&quot;style-text-align&quot;:&quot;left&quot;,&quot;style-margin-bottom&quot;:&quot;0px&quot;,&quot;id&quot;:&quot;E92400A7CBAD40DC6E28B620D44D34D6&quot;}},{&quot;elements&quot;:[{&quot;className&quot;:&quot;org.joget.apps.userview.lib.component.ButtonComponent&quot;,&quot;properties&quot;:{&quot;attr-data-events-listening&quot;:[],&quot;style-font-weight&quot;:&quot;500&quot;,&quot;css-display-type&quot;:&quot;btn btn-light&quot;,&quot;permission_rules&quot;:{&quot;F6E97C06864E4F62843B259A8C9AB1AD&quot;:{},&quot;58F9FBEA76264BE037991759BC1645A2&quot;:{}},&quot;style-color&quot;:&quot;#7E8299&quot;,&quot;style-margin-right&quot;:&quot;10px&quot;,&quot;attr-onclick&quot;:&quot;appCreate();return false;&quot;,&quot;textContent&quot;:&quot;#i18n.Design New App#&quot;,&quot;attr-data-events-triggering&quot;:[],&quot;attr-href&quot;:&quot;#&quot;,&quot;id&quot;:&quot;8EFC9D21190A4BFBE31A945826FF6B34&quot;,&quot;customId&quot;:&quot;&quot;}},{&quot;className&quot;:&quot;org.joget.apps.userview.lib.component.ButtonComponent&quot;,&quot;properties&quot;:{&quot;attr-data-events-listening&quot;:[],&quot;style-font-weight&quot;:&quot;500&quot;,&quot;css-display-type&quot;:&quot;btn btn-light&quot;,&quot;permission_rules&quot;:{&quot;F6E97C06864E4F62843B259A8C9AB1AD&quot;:{},&quot;58F9FBEA76264BE037991759BC1645A2&quot;:{}},&quot;style-color&quot;:&quot;#7E8299&quot;,&quot;style-margin-right&quot;:&quot;15px&quot;,&quot;attr-onclick&quot;:&quot;appImport();return false;&quot;,&quot;textContent&quot;:&quot;#i18n.Import App#&quot;,&quot;attr-data-events-triggering&quot;:[],&quot;attr-href&quot;:&quot;#&quot;,&quot;id&quot;:&quot;10862931081E4DF47D44CCDFC696CAD6&quot;,&quot;customId&quot;:&quot;&quot;}},{&quot;className&quot;:&quot;org.joget.apps.userview.lib.component.ButtonComponent&quot;,&quot;properties&quot;:{&quot;attr-data-events-listening&quot;:[],&quot;style-font-weight&quot;:&quot;500&quot;,&quot;css-display-type&quot;:&quot;btn btn-light&quot;,&quot;permission_rules&quot;:{&quot;F6E97C06864E4F62843B259A8C9AB1AD&quot;:{},&quot;58F9FBEA76264BE037991759BC1645A2&quot;:{}},&quot;style-color&quot;:&quot;#7E8299&quot;,&quot;attr-onclick&quot;:&quot;AdminBar.showQuickOverlay(\&quot;#request.contextPath#/web/desktop/marketplace/app?url=\&quot; + encodeURIComponent(\&quot;#platform.marketplaceUrl#\&quot;));return false&quot;,&quot;textContent&quot;:&quot;#i18n.Download from Marketplace#&quot;,&quot;attr-data-events-triggering&quot;:[],&quot;attr-href&quot;:&quot;#&quot;,&quot;id&quot;:&quot;07863BFB349747ED1A6E45812F7C5F97&quot;,&quot;customId&quot;:&quot;&quot;}}],&quot;className&quot;:&quot;org.joget.apps.userview.lib.component.ContainerComponent&quot;,&quot;properties&quot;:{&quot;attr-data-events-listening&quot;:[],&quot;style-text-align&quot;:&quot;center&quot;,&quot;hidden&quot;:&quot;true&quot;,&quot;style-margin-bottom&quot;:&quot;10px&quot;,&quot;permission_rules&quot;:{&quot;F6E97C06864E4F62843B259A8C9AB1AD&quot;:{&quot;hidden&quot;:&quot;true&quot;},&quot;58F9FBEA76264BE037991759BC1645A2&quot;:{&quot;hidden&quot;:&quot;&quot;}},&quot;attr-data-events-triggering&quot;:[],&quot;id&quot;:&quot;96141190357145C9478235142772AEC5&quot;,&quot;customId&quot;:&quot;&quot;}},{&quot;className&quot;:&quot;org.joget.apps.userview.lib.component.ScriptComponent&quot;,&quot;properties&quot;:{&quot;attr-data-events-listening&quot;:[],&quot;permission_rules&quot;:{&quot;F6E97C06864E4F62843B259A8C9AB1AD&quot;:{},&quot;58F9FBEA76264BE037991759BC1645A2&quot;:{}},&quot;attr-data-events-triggering&quot;:[],&quot;id&quot;:&quot;66465E19B19A4481B8BD32BD9BBC0D83&quot;,&quot;customId&quot;:&quot;&quot;,&quot;script&quot;:&quot;$(function(){\n    window[\&quot;ajaxContentPlaceholder\&quot;][\&quot;#request.contextPath#/web/userview/appcenter/v/_/home\&quot;] = \&quot;dashboard\&quot;;\n    \n    var updateClock = function(clock, day){\n        var date = new Date();\n        var ampm = date.getHours() &lt; 12 ? &apos;AM&apos; : &apos;PM&apos;;\n        var hours = date.getHours() == 0\n                  ? 12\n                  : date.getHours() &gt; 12\n                    ? date.getHours() - 12\n                    : date.getHours();\n        var minutes = date.getMinutes() &lt; 10 \n                    ? &apos;0&apos; + date.getMinutes() \n                    : date.getMinutes();\n        var style = $(clock).find(\&quot;style\&quot;); \n        var dstyle = $(day).find(\&quot;style\&quot;); \n        $(clock).text(hours + \&quot;:\&quot; + minutes + \&quot; \&quot; + ampm);\n        $(day).text(date.toLocaleDateString(\&quot;en-US\&quot;, { weekday: &apos;long&apos;, year: &apos;numeric&apos;, month: &apos;long&apos;, day: &apos;numeric&apos; }));\n        $(clock).append(style);\n        $(day).append(dstyle);\n    };\n    \n    var clock = $(\&quot;#clock\&quot;);\n    var day = $(\&quot;#date\&quot;)\n    if (clock.length &gt; 0) {\n        updateClock(clock, day);\n        window.setInterval(function() {\n            updateClock(clock, day);\n        }, 10000);\n    }\n    \n    $(\&quot;.inbox-notification\&quot;).off(\&quot;inbox_notification_updated\&quot;);\n    $(\&quot;.inbox-notification\&quot;).on(\&quot;inbox_notification_updated\&quot;, function(){\n        var style = $(\&quot;#assignment_msg\&quot;).find(\&quot;style\&quot;);        \n        $(\&quot;#assignment_msg\&quot;).html(&apos;&lt;h3 style=\&quot;color:#fff;\&quot;&gt;Hello #currentUser.firstName#, &lt;\/h3&gt;&lt;a style=\&quot;color:#fff;opacity: 0.75 !important;\&quot; href=\&quot;#request.baseURL#/web/userview/appcenter/home/_/_ja_inbox\&quot;&gt;&lt;h5&gt;&apos; + $(\&quot;.inbox-notification .dropdown-menu-title span\&quot;).text() + &apos;&lt;h5&gt;&lt;\/a&gt;&apos;);\n        $(\&quot;#assignment_msg\&quot;).append(style);\n    });\n    \n    $(\&quot;.inbox-notification\&quot;).trigger(\&quot;inbox_notification_updated\&quot;);\n});&quot;}}],&quot;className&quot;:&quot;org.joget.apps.userview.lib.component.ContainerComponent&quot;,&quot;properties&quot;:{&quot;permission_rules&quot;:{&quot;F6E97C06864E4F62843B259A8C9AB1AD&quot;:{},&quot;58F9FBEA76264BE037991759BC1645A2&quot;:{}},&quot;attr-data-events-triggering&quot;:[],&quot;id&quot;:&quot;970F3C4619204E5D5F9253C3A2B9D8A3&quot;,&quot;customId&quot;:&quot;inbox_container&quot;}},{&quot;className&quot;:&quot;org.joget.apps.userview.lib.component.HeadingComponent&quot;,&quot;properties&quot;:{&quot;attr-data-events-listening&quot;:[],&quot;style-top&quot;:&quot;15px&quot;,&quot;style-position&quot;:&quot;absolute&quot;,&quot;style-color&quot;:&quot;#FFFFFF&quot;,&quot;style-left&quot;:&quot;30px&quot;,&quot;textContent&quot;:&quot;&lt;i class=\&quot;zmdi zmdi-apps\&quot;&gt;&lt;\/i&gt; App Center&quot;,&quot;id&quot;:&quot;41B14E1F2C034F11E6F29E4A157C3FEC&quot;,&quot;tagName&quot;:&quot;h1&quot;,&quot;customId&quot;:&quot;&quot;}},{&quot;className&quot;:&quot;org.joget.apps.userview.lib.component.HeadingComponent&quot;,&quot;properties&quot;:{&quot;attr-data-events-listening&quot;:[],&quot;style-top&quot;:&quot;15px&quot;,&quot;style-right&quot;:&quot;15px&quot;,&quot;style-position&quot;:&quot;absolute&quot;,&quot;style-text-align&quot;:&quot;center&quot;,&quot;permission_rules&quot;:{&quot;F6E97C06864E4F62843B259A8C9AB1AD&quot;:{},&quot;58F9FBEA76264BE037991759BC1645A2&quot;:{}},&quot;style-color&quot;:&quot;#FFFFFF&quot;,&quot;style-font-size&quot;:&quot;20px&quot;,&quot;textContent&quot;:&quot; &quot;,&quot;id&quot;:&quot;681B2A6A3E604CDA411A34255B7BD9E3&quot;,&quot;tagName&quot;:&quot;h6&quot;,&quot;customId&quot;:&quot;date&quot;}},{&quot;permission_rules&quot;:{&quot;F6E97C06864E4F62843B259A8C9AB1AD&quot;:{},&quot;58F9FBEA76264BE037991759BC1645A2&quot;:{}},&quot;className&quot;:&quot;menu-component&quot;}],&quot;className&quot;:&quot;org.joget.apps.userview.lib.component.ColumnComponent&quot;,&quot;properties&quot;:{&quot;style-custom&quot;:&quot;padding:20px;&quot;,&quot;style-flex&quot;:&quot;0 0 100%&quot;,&quot;style-background-image&quot;:&quot;#request.contextPath#/images/appCenterBanner.png&quot;,&quot;style-max-width&quot;:&quot;100%&quot;,&quot;style-mobile-padding-top&quot;:&quot;80px&quot;}}],&quot;className&quot;:&quot;org.joget.apps.userview.lib.component.ColumnsComponent&quot;,&quot;properties&quot;:{&quot;attr-data-events-listening&quot;:[],&quot;col-0-style-custom&quot;:&quot;padding:20px;&quot;,&quot;col-1-style-tablet-custom&quot;:&quot;padding:80px 40px 40px 20px;&quot;,&quot;columns&quot;:[{&quot;style-mobile-max-width&quot;:&quot;&quot;,&quot;style-max-width&quot;:&quot;100%&quot;,&quot;style-tablet-max-width&quot;:&quot;&quot;}],&quot;permission_rules&quot;:{&quot;F6E97C06864E4F62843B259A8C9AB1AD&quot;:{},&quot;58F9FBEA76264BE037991759BC1645A2&quot;:{}},&quot;col-1-style-custom&quot;:&quot;padding:80px 80px 40px 20px;&quot;,&quot;css-mobile-stack-columns&quot;:&quot;true&quot;,&quot;attr-data-events-triggering&quot;:[],&quot;customId&quot;:&quot;home_column&quot;,&quot;col-0-style-mobile-padding-top&quot;:&quot;80px&quot;,&quot;gutter&quot;:&quot;&quot;,&quot;id&quot;:&quot;74DC9C5E101D4BB4D955B3B9C5FE48D3&quot;,&quot;col-0-style-background-image&quot;:&quot;#request.contextPath#/images/appCenterBanner.png&quot;,&quot;col-1-style-mobile-custom&quot;:&quot;padding: 0px 20px 20px;&quot;}}],&quot;className&quot;:&quot;org.joget.apps.userview.model.UserviewPage&quot;,&quot;properties&quot;:{&quot;id&quot;:&quot;up-8C70B71371B942B6D48A7E9B4C1DB8D1&quot;}}</json>
         <dateCreated class="java.sql.Timestamp">2023-11-10 05:20:07.0 SGT</dateCreated>
         <dateModified class="java.sql.Timestamp">2024-04-17 10:21:41.0 SGT</dateModified>
      </builderDefinition>
   </builderDefinitionList-->
   <pluginDefaultPropertiesList/>
   <environmentVariableList/>
   <messageList>
      <message>
         <id>&lt;i class=&apos;fa fa-home&apos;&gt;&lt;/i&gt; Home_zh_CN</id>
         <appId>appcenter</appId>
         <appVersion>1</appVersion>
         <messageKey>&lt;i class=&apos;fa fa-home&apos;&gt;&lt;/i&gt; Home</messageKey>
         <locale>zh_CN</locale>
         <message>&lt;i class=&apos;fa fa-home&apos;&gt;&lt;/i&gt; 首页</message>
      </message>
      <message>
         <id>&lt;i class=&apos;fa fa-home&apos;&gt;&lt;/i&gt; Home_zh_TW</id>
         <appId>appcenter</appId>
         <appVersion>1</appVersion>
         <messageKey>&lt;i class=&apos;fa fa-home&apos;&gt;&lt;/i&gt; Home</messageKey>
         <locale>zh_TW</locale>
         <message>&lt;i class=&apos;fa fa-home&apos;&gt;&lt;/i&gt; 首頁</message>
      </message>
      <message>
         <id>All Apps_zh_CN</id>
         <appId>appcenter</appId>
         <appVersion>1</appVersion>
         <messageKey>All Apps</messageKey>
         <locale>zh_CN</locale>
         <message>所有应用</message>
      </message>
      <message>
         <id>All Apps_zh_TW</id>
         <appId>appcenter</appId>
         <appVersion>1</appVersion>
         <messageKey>All Apps</messageKey>
         <locale>zh_TW</locale>
         <message>所有應用</message>
      </message>
      <message>
         <id>App Center_zh_CN</id>
         <appId>appcenter</appId>
         <appVersion>1</appVersion>
         <messageKey>App Center</messageKey>
         <locale>zh_CN</locale>
         <message>应用中心</message>
      </message>
      <message>
         <id>App Center_zh_TW</id>
         <appId>appcenter</appId>
         <appVersion>1</appVersion>
         <messageKey>App Center</messageKey>
         <locale>zh_TW</locale>
         <message>應用中心</message>
      </message>
      <message>
         <id>Design New App_zh_CN</id>
         <appId>appcenter</appId>
         <appVersion>1</appVersion>
         <messageKey>Design New App</messageKey>
         <locale>zh_CN</locale>
         <message>设计新应用程序</message>
      </message>
      <message>
         <id>Design New App_zh_TW</id>
         <appId>appcenter</appId>
         <appVersion>1</appVersion>
         <messageKey>Design New App</messageKey>
         <locale>zh_TW</locale>
         <message>設計新應用程序</message>
      </message>
      <message>
         <id>Download from Marketplace_zh_CN</id>
         <appId>appcenter</appId>
         <appVersion>1</appVersion>
         <messageKey>Download from Marketplace</messageKey>
         <locale>zh_CN</locale>
         <message>应用市场</message>
      </message>
      <message>
         <id>Download from Marketplace_zh_TW</id>
         <appId>appcenter</appId>
         <appVersion>1</appVersion>
         <messageKey>Download from Marketplace</messageKey>
         <locale>zh_TW</locale>
         <message>應用市場</message>
      </message>
      <message>
         <id>Faster, Simpler Digital Transformation_zh_CN</id>
         <appId>appcenter</appId>
         <appVersion>1</appVersion>
         <messageKey>Faster, Simpler Digital Transformation</messageKey>
         <locale>zh_CN</locale>
         <message>更快, 更简单地实现 企业数字化转型</message>
      </message>
      <message>
         <id>Faster, Simpler Digital Transformation_zh_TW</id>
         <appId>appcenter</appId>
         <appVersion>1</appVersion>
         <messageKey>Faster, Simpler Digital Transformation</messageKey>
         <locale>zh_TW</locale>
         <message>更快, 更簡單地實現 企業數字化轉型</message>
      </message>
      <message>
         <id>Import App_zh_CN</id>
         <appId>appcenter</appId>
         <appVersion>1</appVersion>
         <messageKey>Import App</messageKey>
         <locale>zh_CN</locale>
         <message>导入应用</message>
      </message>
      <message>
         <id>Import App_zh_TW</id>
         <appId>appcenter</appId>
         <appVersion>1</appVersion>
         <messageKey>Import App</messageKey>
         <locale>zh_TW</locale>
         <message>導入應用</message>
      </message>
      <message>
         <id>Incorrect Username and/or Password_zh_CN</id>
         <appId>appcenter</appId>
         <appVersion>1</appVersion>
         <messageKey>Incorrect Username and/or Password</messageKey>
         <locale>zh_CN</locale>
         <message>您的登录未成功</message>
      </message>
      <message>
         <id>Incorrect Username and/or Password_zh_TW</id>
         <appId>appcenter</appId>
         <appVersion>1</appVersion>
         <messageKey>Incorrect Username and/or Password</messageKey>
         <locale>zh_TW</locale>
         <message>您的登錄未成功</message>
      </message>
      <message>
         <id>Login_zh_CN</id>
         <appId>appcenter</appId>
         <appVersion>1</appVersion>
         <messageKey>Login</messageKey>
         <locale>zh_CN</locale>
         <message>登录</message>
      </message>
      <message>
         <id>Login_zh_TW</id>
         <appId>appcenter</appId>
         <appVersion>1</appVersion>
         <messageKey>Login</messageKey>
         <locale>zh_TW</locale>
         <message>登錄</message>
      </message>
      <message>
         <id>Monitor_zh_CN</id>
         <appId>appcenter</appId>
         <appVersion>1</appVersion>
         <messageKey>Monitor</messageKey>
         <locale>zh_CN</locale>
         <message>监控</message>
      </message>
      <message>
         <id>Monitor_zh_TW</id>
         <appId>appcenter</appId>
         <appVersion>1</appVersion>
         <messageKey>Monitor</messageKey>
         <locale>zh_TW</locale>
         <message>監控</message>
      </message>
      <message>
         <id>Password_zh_CN</id>
         <appId>appcenter</appId>
         <appVersion>1</appVersion>
         <messageKey>Password</messageKey>
         <locale>zh_CN</locale>
         <message>密码</message>
      </message>
      <message>
         <id>Password_zh_TW</id>
         <appId>appcenter</appId>
         <appVersion>1</appVersion>
         <messageKey>Password</messageKey>
         <locale>zh_TW</locale>
         <message>密碼</message>
      </message>
      <message>
         <id>Powered by Joget_zh_CN</id>
         <appId>appcenter</appId>
         <appVersion>1</appVersion>
         <messageKey>Powered by Joget</messageKey>
         <locale>zh_CN</locale>
         <message>由Joget技术支持</message>
      </message>
      <message>
         <id>Powered by Joget_zh_TW</id>
         <appId>appcenter</appId>
         <appVersion>1</appVersion>
         <messageKey>Powered by Joget</messageKey>
         <locale>zh_TW</locale>
         <message>由Joget技術支持</message>
      </message>
      <message>
         <id>Published Apps_zh_CN</id>
         <appId>appcenter</appId>
         <appVersion>1</appVersion>
         <messageKey>Published Apps</messageKey>
         <locale>zh_CN</locale>
         <message>本地已发布</message>
      </message>
      <message>
         <id>Published Apps_zh_TW</id>
         <appId>appcenter</appId>
         <appVersion>1</appVersion>
         <messageKey>Published Apps</messageKey>
         <locale>zh_TW</locale>
         <message>本地已發布</message>
      </message>
      <message>
         <id>Settings_zh_CN</id>
         <appId>appcenter</appId>
         <appVersion>1</appVersion>
         <messageKey>Settings</messageKey>
         <locale>zh_CN</locale>
         <message>设置</message>
      </message>
      <message>
         <id>Settings_zh_TW</id>
         <appId>appcenter</appId>
         <appVersion>1</appVersion>
         <messageKey>Settings</messageKey>
         <locale>zh_TW</locale>
         <message>設置</message>
      </message>
      <message>
         <id>Username_zh_CN</id>
         <appId>appcenter</appId>
         <appVersion>1</appVersion>
         <messageKey>Username</messageKey>
         <locale>zh_CN</locale>
         <message>用户名</message>
      </message>
      <message>
         <id>Username_zh_TW</id>
         <appId>appcenter</appId>
         <appVersion>1</appVersion>
         <messageKey>Username</messageKey>
         <locale>zh_TW</locale>
         <message>用戶名</message>
      </message>
      <message>
         <id>Users_zh_CN</id>
         <appId>appcenter</appId>
         <appVersion>1</appVersion>
         <messageKey>Users</messageKey>
         <locale>zh_CN</locale>
         <message>用户</message>
      </message>
      <message>
         <id>Users_zh_TW</id>
         <appId>appcenter</appId>
         <appVersion>1</appVersion>
         <messageKey>Users</messageKey>
         <locale>zh_TW</locale>
         <message>用戶</message>
      </message>
   </messageList>   <!--resourceList/-->
   <license>oRIgWuw8ed5OmS98TSZFxocskOFXU0v3VPneM0k80NqSBK2r6RhNzTNTryZkuj4W</license>
</appDefinition>